,pass@1,pass@5,pass@10
0,0.9777777777777777,0.9777777777777777,0.9777777777777777
