,pass@1,pass@5,pass@10
0,0.5466666666666666,0.7607583774250442,0.8222222222222222
