,pass@1,pass@5,pass@10
0,0.4166666666666667,0.7589285714285715,0.8333333333333334
