,pass@1,pass@5,pass@10
0,0.4444444444444444,0.7912698412698412,0.8666666666666667
