,pass@1,pass@5,pass@10
0,0.4000000000000001,0.6408730158730159,0.75
